Datetime,Dirawat,Data kasus,Data Meninggal,Data Sembuh,Remarks,beras,bawang putih,bawang merah,cabai merah,cabai rawit,daging sapi,daging ayam,telur ayam,minyak goreng,gula pasir
3/1/2020 7:00,2,2,0,0,2020-Mar-Week-1,13250,58200,38450,62500,13250,126650,36750,26900,13800,15950
3/2/2020 7:00,2,2,0,0,2020-Mar-Week-1,13250,58200,38450,62500,13250,126650,36750,26900,13800,15950
3/3/2020 7:00,2,2,0,0,2020-Mar-Week-1,13250,58200,38450,62500,13250,126650,36750,26900,13800,15950
3/4/2020 7:00,2,2,0,0,2020-Mar-Week-1,13250,58200,38450,62500,13250,126650,36750,26900,13800,15950
3/5/2020 7:00,-1,0,1,0,2020-Mar-Week-1,13250,58200,38450,62500,13250,126650,36750,26900,13800,15950
3/6/2020 7:00,0,0,0,0,2020-Mar-Week-1,13250,58200,38450,62500,13250,126650,36750,26900,13800,15950
3/7/2020 7:00,-2,0,2,0,2020-Mar-Week-1,13250,58200,38450,62500,13250,126650,36750,26900,13800,15950
3/8/2020 7:00,0,0,0,0,2020-Mar-Week-2,13300,53850,38850,63750,13300,126650,36800,27100,13750,17350
3/9/2020 7:00,-1,0,1,0,2020-Mar-Week-2,13300,53850,38850,63750,13300,126650,36800,27100,13750,17350
3/10/2020 7:00,0,0,0,0,2020-Mar-Week-2,13300,53850,38850,63750,13300,126650,36800,27100,13750,17350
3/11/2020 7:00,0,0,0,0,2020-Mar-Week-2,13300,53850,38850,63750,13300,126650,36800,27100,13750,17350
3/12/2020 7:00,-3,2,1,4,2020-Mar-Week-2,13300,53850,38850,63750,13300,126650,36800,27100,13750,17350
3/13/2020 7:00,0,4,1,3,2020-Mar-Week-2,13300,53850,38850,63750,13300,126650,36800,27100,13750,17350
3/14/2020 7:00,0,2,1,1,2020-Mar-Week-2,13300,53850,38850,63750,13300,126650,36800,27100,13750,17350
3/15/2020 7:00,5,8,3,0,2020-Mar-Week-3,13300,51800,40000,54000,13300,126650,36700,26250,13700,17700
3/16/2020 7:00,-1,2,3,0,2020-Mar-Week-3,13300,51800,40000,54000,13300,126650,36700,26250,13700,17700
3/17/2020 7:00,1,2,1,0,2020-Mar-Week-3,13300,51800,40000,54000,13300,126650,36700,26250,13700,17700
3/18/2020 7:00,0,1,1,0,2020-Mar-Week-3,13300,51800,40000,54000,13300,126650,36700,26250,13700,17700
3/19/2020 7:00,1,2,0,1,2020-Mar-Week-3,13300,51800,40000,54000,13300,126650,36700,26250,13700,17700
3/20/2020 7:00,1,5,3,1,2020-Mar-Week-3,13300,51800,40000,54000,13300,126650,36700,26250,13700,17700
3/21/2020 7:00,-1,8,3,6,2020-Mar-Week-3,13300,51800,40000,54000,13300,126650,36700,26250,13700,17700
3/22/2020 7:00,-1,2,0,3,2020-Mar-Week-4,13400,54150,46700,49800,13400,126650,35250,26350,13700,18850
3/23/2020 7:00,0,0,0,0,2020-Mar-Week-4,13400,54150,46700,49800,13400,126650,35250,26350,13700,18850
3/24/2020 7:00,-6,16,19,3,2020-Mar-Week-4,13400,54150,46700,49800,13400,126650,35250,26350,13700,18850
3/25/2020 7:00,0,1,1,0,2020-Mar-Week-4,13400,54150,46700,49800,13400,126650,35250,26350,13700,18850
3/26/2020 7:00,55,57,2,0,2020-Mar-Week-4,13400,54150,46700,49800,13400,126650,35250,26350,13700,18850
3/27/2020 7:00,61,74,7,6,2020-Mar-Week-4,13400,54150,46700,49800,13400,126650,35250,26350,13700,18850
3/28/2020 7:00,30,48,9,9,2020-Mar-Week-4,13400,54150,46700,49800,13400,126650,35250,26350,13700,18850
3/29/2020 7:00,42,52,10,0,2020-Mar-Week-5,13450,53150,47500,40750,13450,126650,34600,25950,13700,18900
3/30/2020 7:00,26,33,7,0,2020-Mar-Week-5,13450,53150,47500,40750,13450,126650,34600,25950,13700,18900
3/31/2020 7:00,34,44,10,0,2020-Mar-Week-5,13450,53150,47500,40750,13450,126650,34600,25950,13700,18900
4/1/2020 7:00,58,59,1,0,2020-Apr-Week-1,13500,53550,53350,40000,13500,126650,33700,25200,13700,19100
4/2/2020 7:00,63,70,5,2,2020-Apr-Week-1,13500,53550,53350,40000,13500,126650,33700,25200,13700,19100
4/3/2020 7:00,63,71,6,2,2020-Apr-Week-1,13500,53550,53350,40000,13500,126650,33700,25200,13700,19100
4/4/2020 7:00,44,57,8,5,2020-Apr-Week-1,13500,53550,53350,40000,13500,126650,33700,25200,13700,19100
4/5/2020 7:00,74,87,11,2,2020-Apr-Week-1,13500,53550,53350,40000,13500,126650,33700,25200,13700,19100
4/6/2020 7:00,89,103,7,7,2020-Apr-Week-1,13500,53550,53350,40000,13500,126650,33700,25200,13700,19100
4/7/2020 7:00,96,113,14,3,2020-Apr-Week-1,13500,53550,53350,40000,13500,126650,33700,25200,13700,19100
4/8/2020 7:00,77,90,8,5,2020-Apr-Week-2,13500,51850,58500,38100,13500,126650,32850,25150,13700,19200
4/9/2020 7:00,189,228,34,5,2020-Apr-Week-2,13500,51850,58500,38100,13500,126650,32850,25150,13700,19200
4/10/2020 7:00,38,53,11,4,2020-Apr-Week-2,13500,51850,58500,38100,13500,126650,32850,25150,13700,19200
4/11/2020 7:00,173,190,10,7,2020-Apr-Week-2,13500,51850,58500,38100,13500,126650,32850,25150,13700,19200
4/12/2020 7:00,86,156,33,37,2020-Apr-Week-2,13500,51850,58500,38100,13500,126650,32850,25150,13700,19200
4/13/2020 7:00,127,135,7,1,2020-Apr-Week-2,13500,51850,58500,38100,13500,126650,32850,25150,13700,19200
4/14/2020 7:00,112,122,10,0,2020-Apr-Week-2,13500,51850,58500,38100,13500,126650,32850,25150,13700,19200
4/15/2020 7:00,114,143,9,20,2020-Apr-Week-3,13500,47850,57500,34100,13500,126650,32650,24750,13750,19150
4/16/2020 7:00,173,174,1,0,2020-Apr-Week-3,13500,47850,57500,34100,13500,126650,32650,24750,13750,19150
4/17/2020 7:00,128,170,7,35,2020-Apr-Week-3,13500,47850,57500,34100,13500,126650,32650,24750,13750,19150
4/18/2020 7:00,93,101,7,1,2020-Apr-Week-3,13500,47850,57500,34100,13500,126650,32650,24750,13750,19150
4/19/2020 7:00,85,113,3,25,2020-Apr-Week-3,13500,47850,57500,34100,13500,126650,32650,24750,13750,19150
4/20/2020 7:00,62,74,5,7,2020-Apr-Week-3,13500,47850,57500,34100,13500,126650,32650,24750,13750,19150
4/21/2020 7:00,122,183,2,59,2020-Apr-Week-3,13500,47850,57500,34100,13500,126650,32650,24750,13750,19150
4/22/2020 7:00,101,110,1,8,2020-Apr-Week-4,13500,46250,56850,34600,13500,126650,31900,24050,13750,19100
4/23/2020 7:00,118,122,0,4,2020-Apr-Week-4,13500,46250,56850,34600,13500,126650,31900,24050,13750,19100
4/24/2020 7:00,77,78,0,1,2020-Apr-Week-4,13500,46250,56850,34600,13500,126650,31900,24050,13750,19100
4/25/2020 7:00,52,78,19,7,2020-Apr-Week-4,13500,46250,56850,34600,13500,126650,31900,24050,13750,19100
4/26/2020 7:00,96,104,7,1,2020-Apr-Week-4,13500,46250,56850,34600,13500,126650,31900,24050,13750,19100
4/27/2020 7:00,52,66,13,1,2020-Apr-Week-4,13500,46250,56850,34600,13500,126650,31900,24050,13750,19100
4/28/2020 7:00,98,124,4,22,2020-Apr-Week-4,13500,46250,56850,34600,13500,126650,31900,24050,13750,19100
4/29/2020 7:00,35,110,0,75,2020-Apr-Week-4,13500,46250,56850,34600,13500,126650,31900,24050,13750,19100
4/30/2020 7:00,60,106,0,46,2020-Apr-Week-4,13500,46250,56850,34600,13500,126650,31900,24050,13750,19100
5/1/2020 7:00,129,135,4,2,2020-May-Week-1,13500,43550,55400,33450,13500,126650,34700,21400,13750,18900
5/2/2020 7:00,51,92,17,24,2020-May-Week-1,13500,43550,55400,33450,13500,126650,34700,21400,13750,18900
5/3/2020 7:00,12,129,5,112,2020-May-Week-1,13500,43550,55400,33450,13500,126650,34700,21400,13750,18900
5/4/2020 7:00,69,80,8,3,2020-May-Week-1,13500,43550,55400,33450,13500,126650,34700,21400,13750,18900
5/5/2020 7:00,65,132,1,66,2020-May-Week-1,13500,43550,55400,33450,13500,126650,34700,21400,13750,18900
5/6/2020 7:00,64,106,5,37,2020-May-Week-1,13500,43550,55400,33450,13500,126650,34700,21400,13750,18900
5/7/2020 7:00,70,82,8,4,2020-May-Week-1,13500,43550,55400,33450,13500,126650,34700,21400,13750,18900
5/8/2020 7:00,95,96,1,0,2020-May-Week-2,13500,40150,58200,30500,13500,126650,37350,20650,13700,18900
5/9/2020 7:00,90,98,3,5,2020-May-Week-2,13500,40150,58200,30500,13500,126650,37350,20650,13700,18900
5/10/2020 7:00,70,125,6,49,2020-May-Week-2,13500,40150,58200,30500,13500,126650,37350,20650,13700,18900
5/11/2020 7:00,66,81,6,9,2020-May-Week-2,13500,40150,58200,30500,13500,126650,37350,20650,13700,18900
5/12/2020 7:00,-14,96,2,108,2020-May-Week-2,13500,40150,58200,30500,13500,126650,37350,20650,13700,18900
5/13/2020 7:00,78,180,6,96,2020-May-Week-2,13500,40150,58200,30500,13500,126650,37350,20650,13700,18900
5/14/2020 7:00,-1,135,2,134,2020-May-Week-2,13500,40150,58200,30500,13500,126650,37350,20650,13700,18900
5/15/2020 7:00,-27,86,7,106,2020-May-Week-3,13500,39450,57800,33450,13500,137500,39250,21250,13700,18750
5/16/2020 7:00,83,101,0,18,2020-May-Week-3,13500,39450,57800,33450,13500,137500,39250,21250,13700,18750
5/17/2020 7:00,113,127,3,11,2020-May-Week-3,13500,39450,57800,33450,13500,137500,39250,21250,13700,18750
5/18/2020 7:00,79,79,0,0,2020-May-Week-3,13500,39450,57800,33450,13500,137500,39250,21250,13700,18750
5/19/2020 7:00,66,94,7,21,2020-May-Week-3,13500,39450,57800,33450,13500,137500,39250,21250,13700,18750
5/20/2020 7:00,80,84,1,3,2020-May-Week-3,13500,39450,57800,33450,13500,137500,39250,21250,13700,18750
5/21/2020 7:00,-68,70,8,130,2020-May-Week-3,13500,39450,57800,33450,13500,137500,39250,21250,13700,18750
5/22/2020 7:00,22,106,29,55,2020-May-Week-4,13500,38950,65850,35550,13500,137500,39900,23900,13700,18750
5/23/2020 7:00,56,111,1,54,2020-May-Week-4,13500,38950,65850,35550,13500,137500,39900,23900,13700,18750
5/24/2020 7:00,92,112,0,20,2020-May-Week-4,13500,38950,65850,35550,13500,137500,39900,23900,13700,18750
5/25/2020 7:00,11,76,0,65,2020-May-Week-4,13500,38950,65850,35550,13500,137500,39900,23900,13700,18750
5/26/2020 7:00,74,87,0,13,2020-May-Week-4,13500,38950,65850,35550,13500,137500,39900,23900,13700,18750
5/27/2020 7:00,85,109,8,16,2020-May-Week-4,13500,38950,65850,35550,13500,137500,39900,23900,13700,18750
5/28/2020 7:00,80,100,0,20,2020-May-Week-4,13500,38950,65850,35550,13500,137500,39900,23900,13700,18750
5/29/2020 7:00,87,125,0,38,2020-May-Week-4,13500,38950,65850,35550,13500,137500,39900,23900,13700,18750
5/30/2020 7:00,-154,108,7,255,2020-May-Week-4,13500,38950,65850,35550,13500,137500,39900,23900,13700,18750
5/31/2020 7:00,42,113,1,70,2020-May-Week-4,13500,38950,65850,35550,13500,137500,39900,23900,13700,18750
6/1/2020 7:00,-30,157,2,185,2020-Jun-Week-1,13500,39150,62500,32900,13500,132100,41100,23900,13700,18400
6/2/2020 7:00,-61,59,0,120,2020-Jun-Week-1,13500,39150,62500,32900,13500,132100,41100,23900,13700,18400
6/3/2020 7:00,-95,91,5,181,2020-Jun-Week-1,13500,39150,62500,32900,13500,132100,41100,23900,13700,18400
6/4/2020 7:00,88,109,0,21,2020-Jun-Week-1,13500,39150,62500,32900,13500,132100,41100,23900,13700,18400
6/5/2020 7:00,-69,70,1,138,2020-Jun-Week-1,13500,39150,62500,32900,13500,132100,41100,23900,13700,18400
6/6/2020 7:00,31,117,0,86,2020-Jun-Week-1,13500,39150,62500,32900,13500,132100,41100,23900,13700,18400
6/7/2020 7:00,-123,168,4,287,2020-Jun-Week-1,13500,39150,62500,32900,13500,132100,41100,23900,13700,18400
6/8/2020 7:00,15,90,0,75,2020-Jun-Week-2,13500,36650,58650,29000,13500,130000,42350,24150,13700,17700
6/9/2020 7:00,72,239,4,163,2020-Jun-Week-2,13500,36650,58650,29000,13500,130000,42350,24150,13700,17700
6/10/2020 7:00,23,166,2,141,2020-Jun-Week-2,13500,36650,58650,29000,13500,130000,42350,24150,13700,17700
6/11/2020 7:00,-17,131,1,147,2020-Jun-Week-2,13500,36650,58650,29000,13500,130000,42350,24150,13700,17700
6/12/2020 7:00,-30,92,4,118,2020-Jun-Week-2,13500,36650,58650,29000,13500,130000,42350,24150,13700,17700
6/13/2020 7:00,55,121,8,58,2020-Jun-Week-2,13500,36650,58650,29000,13500,130000,42350,24150,13700,17700
6/14/2020 7:00,-137,118,9,246,2020-Jun-Week-2,13500,36650,58650,29000,13500,130000,42350,24150,13700,17700
6/15/2020 7:00,28,141,2,111,2020-Jun-Week-3,13500,35850,54650,27400,13500,130000,41750,25350,13700,17200
6/16/2020 7:00,-35,97,0,132,2020-Jun-Week-3,13500,35850,54650,27400,13500,130000,41750,25350,13700,17200
6/17/2020 7:00,2,122,5,115,2020-Jun-Week-3,13500,35850,54650,27400,13500,130000,41750,25350,13700,17200
6/18/2020 7:00,11,171,30,130,2020-Jun-Week-3,13500,35850,54650,27400,13500,130000,41750,25350,13700,17200
6/19/2020 7:00,6,133,1,126,2020-Jun-Week-3,13500,35850,54650,27400,13500,130000,41750,25350,13700,17200
6/20/2020 7:00,58,189,8,123,2020-Jun-Week-3,13500,35850,54650,27400,13500,130000,41750,25350,13700,17200
6/21/2020 7:00,-94,141,1,234,2020-Jun-Week-3,13500,35850,54650,27400,13500,130000,41750,25350,13700,17200
6/22/2020 7:00,48,123,0,75,2020-Jun-Week-4,13500,33000,50500,27500,13500,128000,39750,26650,13700,16950
6/23/2020 7:00,43,160,8,109,2020-Jun-Week-4,13500,33000,50500,27500,13500,128000,39750,26650,13700,16950
6/24/2020 7:00,47,152,8,97,2020-Jun-Week-4,13500,33000,50500,27500,13500,128000,39750,26650,13700,16950
6/25/2020 7:00,-48,181,9,220,2020-Jun-Week-4,13500,33000,50500,27500,13500,128000,39750,26650,13700,16950
6/26/2020 7:00,193,197,4,0,2020-Jun-Week-4,13500,33000,50500,27500,13500,128000,39750,26650,13700,16950
6/27/2020 7:00,116,192,8,68,2020-Jun-Week-4,13500,33000,50500,27500,13500,128000,39750,26650,13700,16950
6/28/2020 7:00,-124,132,1,255,2020-Jun-Week-4,13500,33000,50500,27500,13500,128000,39750,26650,13700,16950
6/29/2020 7:00,-130,122,0,252,2020-Jun-Week-5,13500,33000,47150,27550,13500,126650,41950,26550,13700,16650
6/30/2020 7:00,-220,182,8,394,2020-Jun-Week-5,13500,33000,47150,27550,13500,126650,41950,26550,13700,16650
7/1/2020 7:00,47,215,0,168,2020-Jul-Week-1,13500,29500,44500,28600,13500,126650,39600,26150,13750,16250
7/2/2020 7:00,2,200,6,192,2020-Jul-Week-1,13500,29500,44500,28600,13500,126650,39600,26150,13750,16250
7/3/2020 7:00,-105,140,5,240,2020-Jul-Week-1,13500,29500,44500,28600,13500,126650,39600,26150,13750,16250
7/4/2020 7:00,-50,218,0,268,2020-Jul-Week-1,13500,29500,44500,28600,13500,126650,39600,26150,13750,16250
7/5/2020 7:00,-36,255,5,286,2020-Jul-Week-1,13500,29500,44500,28600,13500,126650,39600,26150,13750,16250
7/6/2020 7:00,-153,221,0,374,2020-Jul-Week-1,13500,29500,44500,28600,13500,126650,39600,26150,13750,16250
7/7/2020 7:00,-61,193,12,242,2020-Jul-Week-1,13500,29500,44500,28600,13500,126650,39600,26150,13750,16250
7/8/2020 7:00,197,350,6,147,2020-Jul-Week-2,13500,28350,42500,28650,13500,126650,37150,26350,13750,16000
7/9/2020 7:00,48,277,6,223,2020-Jul-Week-2,13500,28350,42500,28650,13500,126650,37150,26350,13750,16000
7/10/2020 7:00,72,252,0,180,2020-Jul-Week-2,13500,28350,42500,28650,13500,126650,37150,26350,13750,16000
7/11/2020 7:00,158,383,10,215,2020-Jul-Week-2,13500,28350,42500,28650,13500,126650,37150,26350,13750,16000
7/12/2020 7:00,226,395,10,159,2020-Jul-Week-2,13500,28350,42500,28650,13500,126650,37150,26350,13750,16000
7/13/2020 7:00,66,281,7,208,2020-Jul-Week-2,13500,28350,42500,28650,13500,126650,37150,26350,13750,16000
7/14/2020 7:00,142,266,4,120,2020-Jul-Week-2,13500,28350,42500,28650,13500,126650,37150,26350,13750,16000
7/15/2020 7:00,49,251,5,197,2020-Jul-Week-3,13500,28350,37500,27350,13500,126650,34600,26350,13800,15700
7/16/2020 7:00,166,309,8,135,2020-Jul-Week-3,13500,28350,37500,27350,13500,126650,34600,26350,13800,15700
7/17/2020 7:00,112,257,6,139,2020-Jul-Week-3,13500,28350,37500,27350,13500,126650,34600,26350,13800,15700
7/18/2020 7:00,210,339,8,121,2020-Jul-Week-3,13500,28350,37500,27350,13500,126650,34600,26350,13800,15700
7/19/2020 7:00,-17,319,9,327,2020-Jul-Week-3,13500,28350,37500,27350,13500,126650,34600,26350,13800,15700
7/20/2020 7:00,217,381,9,155,2020-Jul-Week-3,13500,28350,37500,27350,13500,126650,34600,26350,13800,15700
7/21/2020 7:00,158,432,8,266,2020-Jul-Week-3,13500,28350,37500,27350,13500,126650,34600,26350,13800,15700
7/22/2020 7:00,15,387,5,367,2020-Jul-Week-4,13500,29350,36900,31350,13500,126850,34700,25950,13850,15500
7/23/2020 7:00,292,462,2,168,2020-Jul-Week-4,13500,29350,36900,31350,13500,126850,34700,25950,13850,15500
7/24/2020 7:00,19,293,4,270,2020-Jul-Week-4,13500,29350,36900,31350,13500,126850,34700,25950,13850,15500
7/25/2020 7:00,194,369,0,175,2020-Jul-Week-4,13500,29350,36900,31350,13500,126850,34700,25950,13850,15500
7/26/2020 7:00,219,384,4,161,2020-Jul-Week-4,13500,29350,36900,31350,13500,126850,34700,25950,13850,15500
7/27/2020 7:00,379,501,10,112,2020-Jul-Week-4,13500,29350,36900,31350,13500,126850,34700,25950,13850,15500
7/28/2020 7:00,19,409,16,374,2020-Jul-Week-4,13500,29350,36900,31350,13500,126850,34700,25950,13850,15500
7/29/2020 7:00,353,617,14,250,2020-Jul-Week-4,13500,29350,36900,31350,13500,126850,34700,25950,13850,15500
7/30/2020 7:00,190,397,19,188,2020-Jul-Week-4,13500,29350,36900,31350,13500,126850,34700,25950,13850,15500
7/31/2020 7:00,11,430,14,405,2020-Jul-Week-4,13500,29350,36900,31350,13500,126850,34700,25950,13850,15500
8/1/2020 7:00,-324,368,12,680,2020-Aug-Week-1,13500,30700,37350,33000,13500,126650,34400,25300,13850,15500
8/2/2020 7:00,236,377,0,141,2020-Aug-Week-1,13500,30700,37350,33000,13500,126650,34400,25300,13850,15500
8/3/2020 7:00,322,472,16,134,2020-Aug-Week-1,13500,30700,37350,33000,13500,126650,34400,25300,13850,15500
8/4/2020 7:00,172,410,14,224,2020-Aug-Week-1,13500,30700,37350,33000,13500,126650,34400,25300,13850,15500
8/5/2020 7:00,-39,354,14,379,2020-Aug-Week-1,13500,30700,37350,33000,13500,126650,34400,25300,13850,15500
8/6/2020 7:00,295,556,13,248,2020-Aug-Week-1,13500,30700,37350,33000,13500,126650,34400,25300,13850,15500
8/7/2020 7:00,457,665,12,196,2020-Aug-Week-1,13500,30700,37350,33000,13500,126650,34400,25300,13850,15500
8/8/2020 7:00,166,686,11,509,2020-Aug-Week-2,13500,30850,35850,32000,13500,126650,32400,25250,13850,15500
8/9/2020 7:00,-126,440,6,560,2020-Aug-Week-2,13500,30850,35850,32000,13500,126650,32400,25250,13850,15500
8/10/2020 7:00,252,433,2,179,2020-Aug-Week-2,13500,30850,35850,32000,13500,126650,32400,25250,13850,15500
8/11/2020 7:00,266,462,12,184,2020-Aug-Week-2,13500,30850,35850,32000,13500,126650,32400,25250,13850,15500
8/12/2020 7:00,-308,529,15,822,2020-Aug-Week-2,13500,30850,35850,32000,13500,126650,32400,25250,13850,15500
8/13/2020 7:00,197,608,11,400,2020-Aug-Week-2,13500,30850,35850,32000,13500,126650,32400,25250,13850,15500
8/14/2020 7:00,-160,538,4,694,2020-Aug-Week-2,13500,30850,35850,32000,13500,126650,32400,25250,13850,15500
8/15/2020 7:00,50,583,6,527,2020-Aug-Week-3,13450,33350,32500,30850,13450,126650,32100,25150,13850,15500
8/16/2020 7:00,-137,518,1,654,2020-Aug-Week-3,13450,33350,32500,30850,13450,126650,32100,25150,13850,15500
8/17/2020 7:00,329,552,14,209,2020-Aug-Week-3,13450,33350,32500,30850,13450,126650,32100,25150,13850,15500
8/18/2020 7:00,-95,513,19,589,2020-Aug-Week-3,13450,33350,32500,30850,13450,126650,32100,25150,13850,15500
8/19/2020 7:00,-37,551,18,570,2020-Aug-Week-3,13450,33350,32500,30850,13450,126650,32100,25150,13850,15500
8/20/2020 7:00,-151,594,16,729,2020-Aug-Week-3,13450,33350,32500,30850,13450,126650,32100,25150,13850,15500
8/21/2020 7:00,206,657,16,435,2020-Aug-Week-3,13450,33350,32500,30850,13450,126650,32100,25150,13850,15500
8/22/2020 7:00,-82,588,17,653,2020-Aug-Week-4,13450,35000,33000,29150,13450,126650,29550,24850,14050,15500
8/23/2020 7:00,-96,614,17,693,2020-Aug-Week-4,13450,35000,33000,29150,13450,126650,29550,24850,14050,15500
8/24/2020 7:00,-1284,633,16,1901,2020-Aug-Week-4,13450,35000,33000,29150,13450,126650,29550,24850,14050,15500
8/25/2020 7:00,97,638,15,526,2020-Aug-Week-4,13450,35000,33000,29150,13450,126650,29550,24850,14050,15500
8/26/2020 7:00,-58,713,7,764,2020-Aug-Week-4,13450,35000,33000,29150,13450,126650,29550,24850,14050,15500
8/27/2020 7:00,-790,760,11,1539,2020-Aug-Week-4,13450,35000,33000,29150,13450,126650,29550,24850,14050,15500
8/28/2020 7:00,-21,869,10,880,2020-Aug-Week-4,13450,35000,33000,29150,13450,126650,29550,24850,14050,15500
8/29/2020 7:00,243,861,18,600,2020-Aug-Week-5,13450,35850,34150,30100,13450,126650,30500,24300,14100,15400
8/30/2020 7:00,717,1094,9,368,2020-Aug-Week-5,13450,35850,34150,30100,13450,126650,30500,24300,14100,15400
8/31/2020 7:00,633,1049,14,402,2020-Aug-Week-5,13450,35850,34150,30100,13450,126650,30500,24300,14100,15400
9/1/2020 7:00,147,901,17,737,2020-Sep-Week-1,13450,36650,35000,33750,13450,126650,31250,23450,14500,15100
9/2/2020 7:00,558,1054,17,479,2020-Sep-Week-1,13450,36650,35000,33750,13450,126650,31250,23450,14500,15100
9/3/2020 7:00,642,1359,15,702,2020-Sep-Week-1,13450,36650,35000,33750,13450,126650,31250,23450,14500,15100
9/4/2020 7:00,51,880,6,823,2020-Sep-Week-1,13450,36650,35000,33750,13450,126650,31250,23450,14500,15100
9/5/2020 7:00,132,877,14,731,2020-Sep-Week-1,13450,36650,35000,33750,13450,126650,31250,23450,14500,15100
9/6/2020 7:00,361,1176,10,805,2020-Sep-Week-1,13450,36650,35000,33750,13450,126650,31250,23450,14500,15100
9/7/2020 7:00,362,1046,22,662,2020-Sep-Week-1,13450,36650,35000,33750,13450,126650,31250,23450,14500,15100
9/8/2020 7:00,62,1014,21,931,2020-Sep-Week-2,13450,36150,34500,35400,13450,126650,30350,22700,14550,15100
9/9/2020 7:00,143,1004,17,844,2020-Sep-Week-2,13450,36150,34500,35400,13450,126650,30350,22700,14550,15100
9/10/2020 7:00,249,1274,17,1008,2020-Sep-Week-2,13450,36150,34500,35400,13450,126650,30350,22700,14550,15100
9/11/2020 7:00,43,964,17,904,2020-Sep-Week-2,13450,36150,34500,35400,13450,126650,30350,22700,14550,15100
9/12/2020 7:00,522,1205,18,665,2020-Sep-Week-2,13450,36150,34500,35400,13450,126650,30350,22700,14550,15100
9/13/2020 7:00,418,1380,5,957,2020-Sep-Week-2,13450,36150,34500,35400,13450,126650,30350,22700,14550,15100
9/14/2020 7:00,-659,879,27,1511,2020-Sep-Week-2,13450,36150,34500,35400,13450,126650,30350,22700,14550,15100
9/15/2020 7:00,61,1076,33,982,2020-Sep-Week-3,13450,36150,33650,34850,13450,126650,31000,21950,14800,14900
9/16/2020 7:00,117,1294,31,1146,2020-Sep-Week-3,13450,36150,33650,34850,13450,126650,31000,21950,14800,14900
9/17/2020 7:00,351,1113,14,748,2020-Sep-Week-3,13450,36150,33650,34850,13450,126650,31000,21950,14800,14900
9/18/2020 7:00,200,1258,22,1036,2020-Sep-Week-3,13450,36150,33650,34850,13450,126650,31000,21950,14800,14900
9/19/2020 7:00,-54,988,10,1032,2020-Sep-Week-3,13450,36150,33650,34850,13450,126650,31000,21950,14800,14900
9/20/2020 7:00,55,1138,14,1069,2020-Sep-Week-3,13450,36150,33650,34850,13450,126650,31000,21950,14800,14900
9/21/2020 7:00,29,1352,29,1294,2020-Sep-Week-3,13450,36150,33650,34850,13450,126650,31000,21950,14800,14900
9/22/2020 7:00,357,1236,30,849,2020-Sep-Week-4,13450,36250,33100,38150,13450,126650,30450,21550,14850,14900
9/23/2020 7:00,2,1135,28,1105,2020-Sep-Week-4,13450,36250,33100,38150,13450,126650,30450,21550,14850,14900
9/24/2020 7:00,-138,1044,20,1162,2020-Sep-Week-4,13450,36250,33100,38150,13450,126650,30450,21550,14850,14900
9/25/2020 7:00,-468,1171,13,1626,2020-Sep-Week-4,13450,36250,33100,38150,13450,126650,30450,21550,14850,14900
9/26/2020 7:00,547,1323,12,764,2020-Sep-Week-4,13450,36250,33100,38150,13450,126650,30450,21550,14850,14900
9/27/2020 7:00,-90,1217,13,1294,2020-Sep-Week-4,13450,36250,33100,38150,13450,126650,30450,21550,14850,14900
9/28/2020 7:00,-442,898,9,1331,2020-Sep-Week-4,13450,36250,33100,38150,13450,126650,30450,21550,14850,14900
9/29/2020 7:00,96,1238,21,1121,2020-Sep-Week-4,13450,36250,33100,38150,13450,126650,30450,21550,14850,14900
9/30/2020 7:00,-306,1159,13,1452,2020-Sep-Week-4,13450,36250,33100,38150,13450,126650,30450,21550,14850,14900
10/1/2020 7:00,129,1253,6,1118,2020-Oct-Week-1,13450,35000,37500,45600,13450,126650,30550,20800,14800,15000
10/2/2020 7:00,520,1198,3,675,2020-Oct-Week-1,13450,35000,37500,45600,13450,126650,30550,20800,14800,15000
10/3/2020 7:00,71,1265,4,1190,2020-Oct-Week-1,13450,35000,37500,45600,13450,126650,30550,20800,14800,15000
10/4/2020 7:00,354,1398,13,1031,2020-Oct-Week-1,13450,35000,37500,45600,13450,126650,30550,20800,14800,15000
10/5/2020 7:00,26,1022,16,980,2020-Oct-Week-1,13450,35000,37500,45600,13450,126650,30550,20800,14800,15000
10/6/2020 7:00,59,1106,31,1016,2020-Oct-Week-1,13450,35000,37500,45600,13450,126650,30550,20800,14800,15000
10/7/2020 7:00,209,1211,15,987,2020-Oct-Week-1,13450,35000,37500,45600,13450,126650,30550,20800,14800,15000
10/8/2020 7:00,118,1182,17,1047,2020-Oct-Week-2,13450,35350,39850,48500,13450,126650,31750,22200,14750,15000
10/9/2020 7:00,73,943,21,849,2020-Oct-Week-2,13450,35350,39850,48500,13450,126650,31750,22200,14750,15000
10/10/2020 7:00,-41,1259,16,1284,2020-Oct-Week-2,13450,35350,39850,48500,13450,126650,31750,22200,14750,15000
10/11/2020 7:00,309,1389,18,1062,2020-Oct-Week-2,13450,35350,39850,48500,13450,126650,31750,22200,14750,15000
10/12/2020 7:00,73,1211,25,1113,2020-Oct-Week-2,13450,35350,39850,48500,13450,126650,31750,22200,14750,15000
10/13/2020 7:00,-66,1054,19,1101,2020-Oct-Week-2,13450,35350,39850,48500,13450,126650,31750,22200,14750,15000
10/14/2020 7:00,-182,1038,17,1203,2020-Oct-Week-2,13450,35350,39850,48500,13450,126650,31750,22200,14750,15000
10/15/2020 7:00,2,1072,20,1050,2020-Oct-Week-3,13450,35350,37500,49150,13450,126650,32050,23850,14750,15000
10/16/2020 7:00,39,1045,24,982,2020-Oct-Week-3,13450,35350,37500,49150,13450,126650,32050,23850,14750,15000
10/17/2020 7:00,-157,974,23,1108,2020-Oct-Week-3,13450,35350,37500,49150,13450,126650,32050,23850,14750,15000
10/18/2020 7:00,-126,971,17,1080,2020-Oct-Week-3,13450,35350,37500,49150,13450,126650,32050,23850,14750,15000
10/19/2020 7:00,-216,926,14,1128,2020-Oct-Week-3,13450,35350,37500,49150,13450,126650,32050,23850,14750,15000
10/20/2020 7:00,105,964,22,837,2020-Oct-Week-3,13450,35350,37500,49150,13450,126650,32050,23850,14750,15000
10/21/2020 7:00,-94,1000,21,1073,2020-Oct-Week-3,13450,35350,37500,49150,13450,126650,32050,23850,14750,15000
10/22/2020 7:00,-184,989,16,1157,2020-Oct-Week-4,13450,35850,38350,51250,13450,126650,32350,23850,14750,15000
10/23/2020 7:00,-162,952,21,1093,2020-Oct-Week-4,13450,35850,38350,51250,13450,126650,32350,23850,14750,15000
10/24/2020 7:00,-115,1062,20,1157,2020-Oct-Week-4,13450,35850,38350,51250,13450,126650,32350,23850,14750,15000
10/25/2020 7:00,-478,771,18,1231,2020-Oct-Week-4,13450,35850,38350,51250,13450,126650,32350,23850,14750,15000
10/26/2020 7:00,-292,906,13,1185,2020-Oct-Week-4,13450,35850,38350,51250,13450,126650,32350,23850,14750,15000
10/27/2020 7:00,-360,781,11,1130,2020-Oct-Week-4,13450,35850,38350,51250,13450,126650,32350,23850,14750,15000
10/28/2020 7:00,-233,844,17,1060,2020-Oct-Week-4,13450,35850,38350,51250,13450,126650,32350,23850,14750,15000
10/29/2020 7:00,-385,713,14,1084,2020-Oct-Week-4,13450,35850,38350,51250,13450,126650,32350,23850,14750,15000
10/30/2020 7:00,-483,612,14,1081,2020-Oct-Week-4,13450,35850,38350,51250,13450,126650,32350,23850,14750,15000
10/31/2020 7:00,-316,750,19,1047,2020-Oct-Week-4,13450,35850,38350,51250,13450,126650,32350,23850,14750,15000
11/1/2020 7:00,-885,608,19,1474,2020-Nov-Week-1,13400,36150,38350,51000,13400,126650,34550,23050,14850,15000
11/2/2020 7:00,-52,1024,18,1058,2020-Nov-Week-1,13400,36150,38350,51000,13400,126650,34550,23050,14850,15000
11/3/2020 7:00,-418,617,10,1025,2020-Nov-Week-1,13400,36150,38350,51000,13400,126650,34550,23050,14850,15000
11/4/2020 7:00,-186,768,14,940,2020-Nov-Week-1,13400,36150,38350,51000,13400,126650,34550,23050,14850,15000
11/5/2020 7:00,-192,797,15,974,2020-Nov-Week-1,13400,36150,38350,51000,13400,126650,34550,23050,14850,15000
11/6/2020 7:00,-374,672,18,1028,2020-Nov-Week-1,13400,36150,38350,51000,13400,126650,34550,23050,14850,15000
11/7/2020 7:00,120,1118,11,987,2020-Nov-Week-1,13400,36150,38350,51000,13400,126650,34550,23050,14850,15000
11/8/2020 7:00,-166,826,8,984,2020-Nov-Week-2,13450,36150,37500,48600,13450,126650,35500,23800,14850,15000
11/9/2020 7:00,-427,716,12,1131,2020-Nov-Week-2,13450,36150,37500,48600,13450,126650,35500,23800,14850,15000
11/10/2020 7:00,-257,1013,13,1257,2020-Nov-Week-2,13450,36150,37500,48600,13450,126650,35500,23800,14850,15000
11/11/2020 7:00,-385,587,13,959,2020-Nov-Week-2,13450,36150,37500,48600,13450,126650,35500,23800,14850,15000
11/12/2020 7:00,-252,831,11,1072,2020-Nov-Week-2,13450,36150,37500,48600,13450,126650,35500,23800,14850,15000
11/13/2020 7:00,1010,1033,10,13,2020-Nov-Week-2,13450,36150,37500,48600,13450,126650,35500,23800,14850,15000
11/14/2020 7:00,1239,1255,5,11,2020-Nov-Week-2,13450,36150,37500,48600,13450,126650,35500,23800,14850,15000
11/15/2020 7:00,1139,1164,2,23,2020-Nov-Week-3,13450,37500,37500,47500,13450,126650,36150,25650,14900,15100
11/16/2020 7:00,137,1006,2,867,2020-Nov-Week-3,13450,37500,37500,47500,13450,126650,36150,25650,14900,15100
11/17/2020 7:00,176,1037,36,825,2020-Nov-Week-3,13450,37500,37500,47500,13450,126650,36150,25650,14900,15100
11/18/2020 7:00,-1056,1148,11,2193,2020-Nov-Week-3,13450,37500,37500,47500,13450,126650,36150,25650,14900,15100
11/19/2020 7:00,-1500,1185,14,2671,2020-Nov-Week-3,13450,37500,37500,47500,13450,126650,36150,25650,14900,15100
11/20/2020 7:00,671,1240,0,569,2020-Nov-Week-3,13450,37500,37500,47500,13450,126650,36150,25650,14900,15100
11/21/2020 7:00,479,1579,15,1085,2020-Nov-Week-3,13450,37500,37500,47500,13450,126650,36150,25650,14900,15100
11/22/2020 7:00,256,1342,16,1070,2020-Nov-Week-4,13450,37500,37500,49050,13450,126650,35200,25900,14900,15100
11/23/2020 7:00,-46,1009,3,1052,2020-Nov-Week-4,13450,37500,37500,49050,13450,126650,35200,25900,14900,15100
11/24/2020 7:00,-93,1015,19,1089,2020-Nov-Week-4,13450,37500,37500,49050,13450,126650,35200,25900,14900,15100
11/25/2020 7:00,166,1273,17,1090,2020-Nov-Week-4,13450,37500,37500,49050,13450,126650,35200,25900,14900,15100
11/26/2020 7:00,-83,1064,14,1133,2020-Nov-Week-4,13450,37500,37500,49050,13450,126650,35200,25900,14900,15100
11/27/2020 7:00,583,1436,15,838,2020-Nov-Week-4,13450,37500,37500,49050,13450,126650,35200,25900,14900,15100
11/28/2020 7:00,123,1370,15,1232,2020-Nov-Week-4,13450,37500,37500,49050,13450,126650,35200,25900,14900,15100
11/29/2020 7:00,592,1431,19,820,2020-Nov-Week-5,13450,37500,37500,57600,13450,126650,34150,25950,14950,15100
11/30/2020 7:00,164,1099,25,910,2020-Nov-Week-5,13450,37500,37500,57600,13450,126650,34150,25950,14950,15100
12/1/2020 7:00,-7,1058,23,1042,2020-Dec-Week-1,13450,36650,37500,67300,13450,126650,34950,27150,14950,15150
12/2/2020 7:00,80,1166,23,1063,2020-Dec-Week-1,13450,36650,37500,67300,13450,126650,34950,27150,14950,15150
12/3/2020 7:00,46,1153,34,1073,2020-Dec-Week-1,13450,36650,37500,67300,13450,126650,34950,27150,14950,15150
12/4/2020 7:00,81,1032,23,928,2020-Dec-Week-1,13450,36650,37500,67300,13450,126650,34950,27150,14950,15150
12/5/2020 7:00,306,1360,23,1031,2020-Dec-Week-1,13450,36650,37500,67300,13450,126650,34950,27150,14950,15150
12/6/2020 7:00,268,1331,23,1040,2020-Dec-Week-1,13450,36650,37500,67300,13450,126650,34950,27150,14950,15150
12/7/2020 7:00,498,1466,24,944,2020-Dec-Week-1,13450,36650,37500,67300,13450,126650,34950,27150,14950,15150
12/8/2020 7:00,-30,1194,21,1203,2020-Dec-Week-2,13450,36650,38000,69000,13450,126650,37500,28300,14950,15100
12/9/2020 7:00,127,1217,18,1072,2020-Dec-Week-2,13450,36650,38000,69000,13450,126650,37500,28300,14950,15100
12/10/2020 7:00,116,1180,18,1046,2020-Dec-Week-2,13450,36650,38000,69000,13450,126650,37500,28300,14950,15100
12/11/2020 7:00,132,1232,4,1096,2020-Dec-Week-2,13450,36650,38000,69000,13450,126650,37500,28300,14950,15100
12/12/2020 7:00,11,951,17,923,2020-Dec-Week-2,13450,36650,38000,69000,13450,126650,37500,28300,14950,15100
12/13/2020 7:00,170,1298,16,1112,2020-Dec-Week-2,13450,36650,38000,69000,13450,126650,37500,28300,14950,15100
12/14/2020 7:00,18,1506,17,1471,2020-Dec-Week-2,13450,36650,38000,69000,13450,126650,37500,28300,14950,15100
12/15/2020 7:00,-41,1116,22,1135,2020-Dec-Week-3,13450,35850,35500,70400,13450,126650,37450,28650,14950,15100
12/16/2020 7:00,57,1221,22,1142,2020-Dec-Week-3,13450,35850,35500,70400,13450,126650,37450,28650,14950,15100
12/17/2020 7:00,299,1690,20,1371,2020-Dec-Week-3,13450,35850,35500,70400,13450,126650,37450,28650,14950,15100
12/18/2020 7:00,334,1587,19,1234,2020-Dec-Week-3,13450,35850,35500,70400,13450,126650,37450,28650,14950,15100
12/19/2020 7:00,782,1899,20,1097,2020-Dec-Week-3,13450,35850,35500,70400,13450,126650,37450,28650,14950,15100
12/20/2020 7:00,-301,1592,19,1874,2020-Dec-Week-3,13450,35850,35500,70400,13450,126650,37450,28650,14950,15100
12/21/2020 7:00,83,1466,15,1368,2020-Dec-Week-3,13450,35850,35500,70400,13450,126650,37450,28650,14950,15100
12/22/2020 7:00,-77,1311,14,1374,2020-Dec-Week-4,13450,35850,35000,70000,13450,127750,37450,27250,14950,15100
12/23/2020 7:00,495,1954,15,1444,2020-Dec-Week-4,13450,35850,35000,70000,13450,127750,37450,27250,14950,15100
12/24/2020 7:00,576,1933,16,1341,2020-Dec-Week-4,13450,35850,35000,70000,13450,127750,37450,27250,14950,15100
12/25/2020 7:00,348,2096,21,1727,2020-Dec-Week-4,13450,35850,35000,70000,13450,127750,37450,27250,14950,15100
12/26/2020 7:00,-507,2058,14,2551,2020-Dec-Week-4,13450,35850,35000,70000,13450,127750,37450,27250,14950,15100
12/27/2020 7:00,151,1997,22,1824,2020-Dec-Week-4,13450,35850,35000,70000,13450,127750,37450,27250,14950,15100
12/28/2020 7:00,-56,1678,21,1713,2020-Dec-Week-4,13450,35850,35000,70000,13450,127750,37450,27250,14950,15100
12/29/2020 7:00,1036,2056,18,1002,2020-Dec-Week-4,13450,35850,35000,70000,13450,127750,37450,27250,14950,15100
12/30/2020 7:00,466,2053,21,1566,2020-Dec-Week-4,13450,35850,35000,70000,13450,127750,37450,27250,14950,15100
12/31/2020 7:00,33,2022,21,1968,2020-Dec-Week-4,13450,35850,35000,70000,13450,127750,37450,27250,14950,15100
1/1/2021 7:00,293,1956,20,1643,2021-Jan-Week-1,13450,35850,34000,69000,13450,129650,37900,25500,14950,15050
1/2/2021 7:00,-412,1894,26,2280,2021-Jan-Week-1,13450,35850,34000,69000,13450,129650,37900,25500,14950,15050
1/3/2021 7:00,-43,1658,10,1691,2021-Jan-Week-1,13450,35850,34000,69000,13450,129650,37900,25500,14950,15050
1/4/2021 7:00,-716,1832,21,2527,2021-Jan-Week-1,13450,35850,34000,69000,13450,129650,37900,25500,14950,15050
1/5/2021 7:00,466,1824,19,1339,2021-Jan-Week-1,13450,35850,34000,69000,13450,129650,37900,25500,14950,15050
1/6/2021 7:00,1290,2402,17,1095,2021-Jan-Week-1,13450,35850,34000,69000,13450,129650,37900,25500,14950,15050
1/7/2021 7:00,931,2398,21,1446,2021-Jan-Week-1,13450,35850,34000,69000,13450,129650,37900,25500,14950,15050
1/8/2021 7:00,245,2959,24,2690,2021-Jan-Week-2,13450,35000,34500,61150,13450,129150,38500,24700,14950,15000
1/9/2021 7:00,608,2753,27,2118,2021-Jan-Week-2,13450,35000,34500,61150,13450,129150,38500,24700,14950,15000
1/10/2021 7:00,-218,2711,31,2898,2021-Jan-Week-2,13450,35000,34500,61150,13450,129150,38500,24700,14950,15000
1/11/2021 7:00,-80,2461,31,2510,2021-Jan-Week-2,13450,35000,34500,61150,13450,129150,38500,24700,14950,15000
1/12/2021 7:00,978,2669,34,1657,2021-Jan-Week-2,13450,35000,34500,61150,13450,129150,38500,24700,14950,15000
1/13/2021 7:00,479,3476,45,2952,2021-Jan-Week-2,13450,35000,34500,61150,13450,129150,38500,24700,14950,15000
1/14/2021 7:00,1047,3165,43,2075,2021-Jan-Week-2,13450,35000,34500,61150,13450,129150,38500,24700,14950,15000
1/15/2021 7:00,16,2541,35,2490,2021-Jan-Week-3,13450,35900,34150,58950,13450,129150,38450,23450,14950,14900
1/16/2021 7:00,1732,3536,32,1772,2021-Jan-Week-3,13450,35900,34150,58950,13450,129150,38450,23450,14950,14900
1/17/2021 7:00,-414,3395,33,3776,2021-Jan-Week-3,13450,35900,34150,58950,13450,129150,38450,23450,14950,14900
1/18/2021 7:00,-476,2361,36,2801,2021-Jan-Week-3,13450,35900,34150,58950,13450,129150,38450,23450,14950,14900
1/19/2021 7:00,23,2563,40,2500,2021-Jan-Week-3,13450,35900,34150,58950,13450,129150,38450,23450,14950,14900
1/20/2021 7:00,-17,3786,33,3770,2021-Jan-Week-3,13450,35900,34150,58950,13450,129150,38450,23450,14950,14900
1/21/2021 7:00,551,3151,30,2570,2021-Jan-Week-3,13450,35900,34150,58950,13450,129150,38450,23450,14950,14900
1/22/2021 7:00,1581,3791,41,2169,2021-Jan-Week-4,13450,36150,35000,56150,13450,132850,37200,22850,14950,14750
1/23/2021 7:00,-238,3285,31,3492,2021-Jan-Week-4,13450,36150,35000,56150,13450,132850,37200,22850,14950,14750
1/24/2021 7:00,1145,3512,39,2328,2021-Jan-Week-4,13450,36150,35000,56150,13450,132850,37200,22850,14950,14750
1/25/2021 7:00,-96,2451,43,2504,2021-Jan-Week-4,13450,36150,35000,56150,13450,132850,37200,22850,14950,14750
1/26/2021 7:00,-672,2313,46,2939,2021-Jan-Week-4,13450,36150,35000,56150,13450,132850,37200,22850,14950,14750
1/27/2021 7:00,-1168,1836,34,2970,2021-Jan-Week-4,13450,36150,35000,56150,13450,132850,37200,22850,14950,14750
1/28/2021 7:00,118,2889,40,2731,2021-Jan-Week-4,13450,36150,35000,56150,13450,132850,37200,22850,14950,14750
1/29/2021 7:00,976,3448,44,2428,2021-Jan-Week-4,13450,36150,35000,56150,13450,132850,37200,22850,14950,14750
1/30/2021 7:00,-104,3491,30,3565,2021-Jan-Week-4,13450,36150,35000,56150,13450,132850,37200,22850,14950,14750
1/31/2021 7:00,78,3474,42,3354,2021-Jan-Week-4,13450,36150,35000,56150,13450,132850,37200,22850,14950,14750
2/1/2021 7:00,1217,3614,45,2352,2021-Feb-Week-1,13450,36000,36100,67750,13450,130850,35000,22500,14950,14750
2/2/2021 7:00,-1259,3362,44,4577,2021-Feb-Week-1,13450,36000,36100,67750,13450,130850,35000,22500,14950,14750
2/3/2021 7:00,2132,3567,44,1391,2021-Feb-Week-1,13450,36000,36100,67750,13450,130850,35000,22500,14950,14750
2/4/2021 7:00,-371,3632,40,3963,2021-Feb-Week-1,13450,36000,36100,67750,13450,130850,35000,22500,14950,14750
2/5/2021 7:00,820,3340,45,2475,2021-Feb-Week-1,13450,36000,36100,67750,13450,130850,35000,22500,14950,14750
2/6/2021 7:00,-2098,2379,44,4433,2021-Feb-Week-1,13450,36000,36100,67750,13450,130850,35000,22500,14950,14750
2/7/2021 7:00,-138,4212,45,4305,2021-Feb-Week-1,13450,36000,36100,67750,13450,130850,35000,22500,14950,14750
2/8/2021 7:00,-316,3142,43,3415,2021-Feb-Week-2,13450,35800,40000,71450,13450,128850,36100,24450,14950,14750
2/9/2021 7:00,594,3437,57,2786,2021-Feb-Week-2,13450,35800,40000,71450,13450,128850,36100,24450,14950,14750
2/10/2021 7:00,21,3308,43,3244,2021-Feb-Week-2,13450,35800,40000,71450,13450,128850,36100,24450,14950,14750
2/11/2021 7:00,-1634,2513,51,4096,2021-Feb-Week-2,13450,35800,40000,71450,13450,128850,36100,24450,14950,14750
2/12/2021 7:00,-1879,3807,50,5636,2021-Feb-Week-2,13450,35800,40000,71450,13450,128850,36100,24450,14950,14750
2/13/2021 7:00,-2047,3016,53,5010,2021-Feb-Week-2,13450,35800,40000,71450,13450,128850,36100,24450,14950,14750
2/14/2021 7:00,-1528,2497,48,3977,2021-Feb-Week-2,13450,35800,40000,71450,13450,128850,36100,24450,14950,14750
2/15/2021 7:00,-244,1879,42,2081,2021-Feb-Week-3,13450,35450,41650,64350,13450,128750,35850,25250,14950,14750
2/16/2021 7:00,220,1861,62,1579,2021-Feb-Week-3,13450,35450,41650,64350,13450,128750,35850,25250,14950,14750
2/17/2021 7:00,-1176,1446,31,2591,2021-Feb-Week-3,13450,35450,41650,64350,13450,128750,35850,25250,14950,14750
2/18/2021 7:00,-2379,373,35,2717,2021-Feb-Week-3,13450,35450,41650,64350,13450,128750,35850,25250,14950,14750
2/19/2021 7:00,-843,1920,6,2757,2021-Feb-Week-3,13450,35450,41650,64350,13450,128750,35850,25250,14950,14750
2/20/2021 7:00,342,2872,40,2490,2021-Feb-Week-3,13450,35450,41650,64350,13450,128750,35850,25250,14950,14750
2/21/2021 7:00,-11,2725,55,2681,2021-Feb-Week-3,13450,35450,41650,64350,13450,128750,35850,25250,14950,14750
2/22/2021 7:00,120,2465,40,2305,2021-Feb-Week-4,13450,35850,42150,61150,13450,128750,35050,24600,14950,14750
2/23/2021 7:00,-1315,782,45,2052,2021-Feb-Week-4,13450,35850,42150,61150,13450,128750,35050,24600,14950,14750
2/24/2021 7:00,-1110,782,35,1857,2021-Feb-Week-4,13450,35850,42150,61150,13450,128750,35050,24600,14950,14750
2/25/2021 7:00,-1130,1581,55,2656,2021-Feb-Week-4,13450,35850,42150,61150,13450,128750,35050,24600,14950,14750
2/26/2021 7:00,-244,1662,42,1864,2021-Feb-Week-4,13450,35850,42150,61150,13450,128750,35050,24600,14950,14750
2/27/2021 7:00,529,1736,44,1163,2021-Feb-Week-4,13450,35850,42150,61150,13450,128750,35050,24600,14950,14750
2/28/2021 7:00,1164,2098,43,891,2021-Feb-Week-4,13450,35850,42150,61150,13450,128750,35050,24600,14950,14750
3/1/2021 7:00,-1126,2058,52,3132,2021-Mar-Week-1,13450,36650,44850,61650,13450,128750,37100,24400,14950,14750
3/2/2021 7:00,-1624,577,36,2165,2021-Mar-Week-1,13450,36650,44850,61650,13450,128750,37100,24400,14950,14750
3/3/2021 7:00,-1088,1437,38,2487,2021-Mar-Week-1,13450,36650,44850,61650,13450,128750,37100,24400,14950,14750
3/4/2021 7:00,213,2009,46,1750,2021-Mar-Week-1,13450,36650,44850,61650,13450,128750,37100,24400,14950,14750
3/5/2021 7:00,-175,1160,45,1290,2021-Mar-Week-1,13450,36650,44850,61650,13450,128750,37100,24400,14950,14750
3/6/2021 7:00,3,1615,44,1568,2021-Mar-Week-1,13450,36650,44850,61650,13450,128750,37100,24400,14950,14750
3/7/2021 7:00,25,1835,45,1765,2021-Mar-Week-1,13450,36650,44850,61650,13450,128750,37100,24400,14950,14750
3/8/2021 7:00,60,1783,48,1675,2021-Mar-Week-2,13450,35850,43850,59700,13450,128750,37400,24400,15000,14750
3/9/2021 7:00,-821,867,45,1643,2021-Mar-Week-2,13450,35850,43850,59700,13450,128750,37400,24400,15000,14750
3/10/2021 7:00,-476,1046,45,1477,2021-Mar-Week-2,13450,35850,43850,59700,13450,128750,37400,24400,15000,14750
3/11/2021 7:00,749,1754,25,980,2021-Mar-Week-2,13450,35850,43850,59700,13450,128750,37400,24400,15000,14750
3/12/2021 7:00,559,1872,50,1263,2021-Mar-Week-2,13450,35850,43850,59700,13450,128750,37400,24400,15000,14750
3/13/2021 7:00,447,1034,10,577,2021-Mar-Week-2,13450,35850,43850,59700,13450,128750,37400,24400,15000,14750
3/14/2021 7:00,-1199,1204,36,2367,2021-Mar-Week-2,13450,35850,43850,59700,13450,128750,37400,24400,15000,14750
3/15/2021 7:00,-242,1555,35,1762,2021-Mar-Week-3,13400,35850,41750,58250,13400,126650,37750,23550,15250,14750
3/16/2021 7:00,-676,835,20,1491,2021-Mar-Week-3,13400,35850,41750,58250,13400,126650,37750,23550,15250,14750
3/17/2021 7:00,144,1330,3,1183,2021-Mar-Week-3,13400,35850,41750,58250,13400,126650,37750,23550,15250,14750
3/18/2021 7:00,531,1719,20,1168,2021-Mar-Week-3,13400,35850,41750,58250,13400,126650,37750,23550,15250,14750
3/19/2021 7:00,390,1588,24,1174,2021-Mar-Week-3,13400,35850,41750,58250,13400,126650,37750,23550,15250,14750
3/20/2021 7:00,729,1935,22,1184,2021-Mar-Week-3,13400,35850,41750,58250,13400,126650,37750,23550,15250,14750
3/21/2021 7:00,-269,1638,23,1884,2021-Mar-Week-3,13400,35850,41750,58250,13400,126650,37750,23550,15250,14750
3/22/2021 7:00,-249,1474,8,1715,2021-Mar-Week-4,13400,35850,39650,57250,13400,126650,37100,22950,15400,14750
3/23/2021 7:00,-886,816,11,1691,2021-Mar-Week-4,13400,35850,39650,57250,13400,126650,37100,22950,15400,14750
3/24/2021 7:00,-1107,890,11,1986,2021-Mar-Week-4,13400,35850,39650,57250,13400,126650,37100,22950,15400,14750
3/25/2021 7:00,1225,1727,12,490,2021-Mar-Week-4,13400,35850,39650,57250,13400,126650,37100,22950,15400,14750
3/26/2021 7:00,473,1381,11,897,2021-Mar-Week-4,13400,35850,39650,57250,13400,126650,37100,22950,15400,14750
3/27/2021 7:00,737,1354,18,599,2021-Mar-Week-4,13400,35850,39650,57250,13400,126650,37100,22950,15400,14750
3/28/2021 7:00,272,1470,23,1175,2021-Mar-Week-4,13400,35850,39650,57250,13400,126650,37100,22950,15400,14750
3/29/2021 7:00,-87,1014,22,1079,2021-Mar-Week-5,13400,35850,38350,57700,13400,126650,38050,21850,15500,14700
3/30/2021 7:00,-724,384,21,1087,2021-Mar-Week-5,13400,35850,38350,57700,13400,126650,38050,21850,15500,14700
3/31/2021 7:00,-108,965,0,1073,2021-Mar-Week-5,13400,35850,38350,57700,13400,126650,38050,21850,15500,14700
4/1/2021 7:00,331,1337,18,988,2021-Apr-Week-1,13350,35500,36650,60000,13350,126650,40250,23250,15550,14600
4/2/2021 7:00,-59,1240,7,1292,2021-Apr-Week-1,13350,35500,36650,60000,13350,126650,40250,23250,15550,14600
4/3/2021 7:00,494,1098,4,600,2021-Apr-Week-1,13350,35500,36650,60000,13350,126650,40250,23250,15550,14600
4/4/2021 7:00,-869,736,6,1599,2021-Apr-Week-1,13350,35500,36650,60000,13350,126650,40250,23250,15550,14600
4/5/2021 7:00,-668,523,4,1187,2021-Apr-Week-1,13350,35500,36650,60000,13350,126650,40250,23250,15550,14600
4/6/2021 7:00,-104,487,4,587,2021-Apr-Week-1,13350,35500,36650,60000,13350,126650,40250,23250,15550,14600
4/7/2021 7:00,158,862,9,695,2021-Apr-Week-1,13350,35500,36650,60000,13350,126650,40250,23250,15550,14600
4/8/2021 7:00,749,1238,4,485,2021-Apr-Week-2,13400,37500,39850,61800,13400,135900,42000,25500,15350,14500
4/9/2021 7:00,380,1013,10,623,2021-Apr-Week-2,13400,37500,39850,61800,13400,135900,42000,25500,15350,14500
4/10/2021 7:00,114,977,7,856,2021-Apr-Week-2,13400,37500,39850,61800,13400,135900,42000,25500,15350,14500
4/11/2021 7:00,-372,1031,7,1396,2021-Apr-Week-2,13400,37500,39850,61800,13400,135900,42000,25500,15350,14500
4/12/2021 7:00,-672,692,7,1357,2021-Apr-Week-2,13400,37500,39850,61800,13400,135900,42000,25500,15350,14500
4/13/2021 7:00,-78,828,6,900,2021-Apr-Week-2,13400,37500,39850,61800,13400,135900,42000,25500,15350,14500
4/14/2021 7:00,40,661,7,614,2021-Apr-Week-2,13400,37500,39850,61800,13400,135900,42000,25500,15350,14500
4/15/2021 7:00,634,1330,6,690,2021-Apr-Week-3,13450,37650,38650,59850,13450,136850,39800,25350,15350,14400
4/16/2021 7:00,91,980,18,871,2021-Apr-Week-3,13450,37650,38650,59850,13450,136850,39800,25350,15350,14400
4/17/2021 7:00,20,1037,18,999,2021-Apr-Week-3,13450,37650,38650,59850,13450,136850,39800,25350,15350,14400
4/18/2021 7:00,-50,950,13,987,2021-Apr-Week-3,13450,37650,38650,59850,13450,136850,39800,25350,15350,14400
4/19/2021 7:00,-12,973,14,971,2021-Apr-Week-3,13450,37650,38650,59850,13450,136850,39800,25350,15350,14400
4/20/2021 7:00,-451,460,14,897,2021-Apr-Week-3,13450,37650,38650,59850,13450,136850,39800,25350,15350,14400
4/21/2021 7:00,17,602,12,573,2021-Apr-Week-3,13450,37650,38650,59850,13450,136850,39800,25350,15350,14400
4/22/2021 7:00,603,1266,11,652,2021-Apr-Week-4,13450,37150,36350,51350,13450,136650,37900,24100,15400,14400
4/23/2021 7:00,145,884,18,721,2021-Apr-Week-4,13450,37150,36350,51350,13450,136650,37900,24100,15400,14400
4/24/2021 7:00,9,907,12,886,2021-Apr-Week-4,13450,37150,36350,51350,13450,136650,37900,24100,15400,14400
4/25/2021 7:00,-80,896,14,962,2021-Apr-Week-4,13450,37150,36350,51350,13450,136650,37900,24100,15400,14400
4/26/2021 7:00,-605,748,14,1339,2021-Apr-Week-4,13450,37150,36350,51350,13450,136650,37900,24100,15400,14400
4/27/2021 7:00,-223,394,17,600,2021-Apr-Week-4,13450,37150,36350,51350,13450,136650,37900,24100,15400,14400
4/28/2021 7:00,-57,639,14,682,2021-Apr-Week-4,13450,37150,36350,51350,13450,136650,37900,24100,15400,14400
4/29/2021 7:00,484,987,23,480,2021-Apr-Week-4,13450,37150,36350,51350,13450,136650,37900,24100,15400,14400
4/30/2021 7:00,246,789,4,539,2021-Apr-Week-4,13450,37150,36350,51350,13450,136650,37900,24100,15400,14400
5/1/2021 7:00,118,926,15,793,2021-May-Week-1,13400,35850,36500,55150,13400,143300,39900,23700,15400,14400
5/2/2021 7:00,-140,854,10,984,2021-May-Week-1,13400,35850,36500,55150,13400,143300,39900,23700,15400,14400
5/3/2021 7:00,50,757,20,687,2021-May-Week-1,13400,35850,36500,55150,13400,143300,39900,23700,15400,14400
5/4/2021 7:00,-188,416,18,586,2021-May-Week-1,13400,35850,36500,55150,13400,143300,39900,23700,15400,14400
5/5/2021 7:00,146,845,12,687,2021-May-Week-1,13400,35850,36500,55150,13400,143300,39900,23700,15400,14400
5/6/2021 7:00,319,906,21,566,2021-May-Week-1,13400,35850,36500,55150,13400,143300,39900,23700,15400,14400
5/7/2021 7:00,168,783,20,595,2021-May-Week-1,13400,35850,36500,55150,13400,143300,39900,23700,15400,14400
5/8/2021 7:00,122,732,26,584,2021-May-Week-2,13400,37500,41250,66900,13400,151700,40750,23350,15550,14400
5/9/2021 7:00,103,809,16,690,2021-May-Week-2,13400,37500,41250,66900,13400,151700,40750,23350,15550,14400
5/10/2021 7:00,65,694,22,607,2021-May-Week-2,13400,37500,41250,66900,13400,151700,40750,23350,15550,14400
5/11/2021 7:00,-281,406,20,667,2021-May-Week-2,13400,37500,41250,66900,13400,151700,40750,23350,15550,14400
5/12/2021 7:00,-31,656,13,674,2021-May-Week-2,13400,37500,41250,66900,13400,151700,40750,23350,15550,14400
5/13/2021 7:00,185,785,15,585,2021-May-Week-2,13400,37500,41250,66900,13400,151700,40750,23350,15550,14400
5/14/2021 7:00,69,632,16,547,2021-May-Week-2,13400,37500,41250,66900,13400,151700,40750,23350,15550,14400
5/15/2021 7:00,-361,227,15,573,2021-May-Week-3,13400,35850,37500,50500,13400,148700,39800,24050,15750,14400
5/16/2021 7:00,-449,161,18,592,2021-May-Week-3,13400,35850,37500,50500,13400,148700,39800,24050,15750,14400
5/17/2021 7:00,396,421,25,0,2021-May-Week-3,13400,35850,37500,50500,13400,148700,39800,24050,15750,14400
5/18/2021 7:00,10,219,15,194,2021-May-Week-3,13400,35850,37500,50500,13400,148700,39800,24050,15750,14400
5/19/2021 7:00,395,611,19,197,2021-May-Week-3,13400,35850,37500,50500,13400,148700,39800,24050,15750,14400
5/20/2021 7:00,779,895,20,96,2021-May-Week-3,13400,35850,37500,50500,13400,148700,39800,24050,15750,14400
5/21/2021 7:00,740,856,16,100,2021-May-Week-3,13400,35850,37500,50500,13400,148700,39800,24050,15750,14400
5/22/2021 7:00,523,932,12,397,2021-May-Week-4,13400,35850,34350,39600,13400,148350,38200,24350,16050,14400
5/23/2021 7:00,515,867,12,340,2021-May-Week-4,13400,35850,34350,39600,13400,148350,38200,24350,16050,14400
5/24/2021 7:00,507,819,10,302,2021-May-Week-4,13400,35850,34350,39600,13400,148350,38200,24350,16050,14400
5/25/2021 7:00,-136,384,14,506,2021-May-Week-4,13400,35850,34350,39600,13400,148350,38200,24350,16050,14400
5/26/2021 7:00,90,617,11,516,2021-May-Week-4,13400,35850,34350,39600,13400,148350,38200,24350,16050,14400
5/27/2021 7:00,336,940,18,586,2021-May-Week-4,13400,35850,34350,39600,13400,148350,38200,24350,16050,14400
5/28/2021 7:00,-325,602,19,908,2021-May-Week-4,13400,35850,34350,39600,13400,148350,38200,24350,16050,14400
5/29/2021 7:00,-112,898,12,998,2021-May-Week-5,13400,34650,35000,35400,13400,148350,37150,25350,16050,14400
5/30/2021 7:00,47,1064,13,1004,2021-May-Week-5,13400,34650,35000,35400,13400,148350,37150,25350,16050,14400
5/31/2021 7:00,126,726,19,581,2021-May-Week-5,13400,34650,35000,35400,13400,148350,37150,25350,16050,14400
6/1/2021 7:00,-1,519,11,509,2021-Jun-Week-1,13400,34500,35000,34600,13400,140000,37350,25400,16000,14500
6/2/2021 7:00,-5,602,20,587,2021-Jun-Week-1,13400,34500,35000,34600,13400,140000,37350,25400,16000,14500
6/3/2021 7:00,193,715,21,501,2021-Jun-Week-1,13400,34500,35000,34600,13400,140000,37350,25400,16000,14500
6/4/2021 7:00,72,906,20,814,2021-Jun-Week-1,13400,34500,35000,34600,13400,140000,37350,25400,16000,14500
6/5/2021 7:00,467,1317,22,828,2021-Jun-Week-1,13400,34500,35000,34600,13400,140000,37350,25400,16000,14500
6/6/2021 7:00,115,1019,20,884,2021-Jun-Week-1,13400,34500,35000,34600,13400,140000,37350,25400,16000,14500
6/7/2021 7:00,303,1197,20,874,2021-Jun-Week-1,13400,34500,35000,34600,13400,140000,37350,25400,16000,14500
6/8/2021 7:00,-213,755,20,948,2021-Jun-Week-2,13400,34500,35700,33050,13400,138350,37750,25300,16000,14500
6/9/2021 7:00,250,1376,14,1112,2021-Jun-Week-2,13400,34500,35700,33050,13400,138350,37750,25300,16000,14500
6/10/2021 7:00,961,2091,25,1105,2021-Jun-Week-2,13400,34500,35700,33050,13400,138350,37750,25300,16000,14500
6/11/2021 7:00,1090,2293,21,1182,2021-Jun-Week-2,13400,34500,35700,33050,13400,138350,37750,25300,16000,14500
6/12/2021 7:00,1690,2455,19,746,2021-Jun-Week-2,13400,34500,35700,33050,13400,138350,37750,25300,16000,14500
6/13/2021 7:00,1815,2769,19,935,2021-Jun-Week-2,13400,34500,35700,33050,13400,138350,37750,25300,16000,14500
6/14/2021 7:00,1649,2722,39,1034,2021-Jun-Week-2,13400,34500,35700,33050,13400,138350,37750,25300,16000,14500
6/15/2021 7:00,288,1502,20,1194,2021-Jun-Week-3,13400,34500,35350,33250,13400,138350,36650,24950,16000,14500
6/16/2021 7:00,1066,2376,34,1276,2021-Jun-Week-3,13400,34500,35350,33250,13400,138350,36650,24950,16000,14500
6/17/2021 7:00,2217,4144,50,1877,2021-Jun-Week-3,13400,34500,35350,33250,13400,138350,36650,24950,16000,14500
6/18/2021 7:00,2561,4737,66,2110,2021-Jun-Week-3,13400,34500,35350,33250,13400,138350,36650,24950,16000,14500
6/19/2021 7:00,2393,4894,60,2441,2021-Jun-Week-3,13400,34500,35350,33250,13400,138350,36650,24950,16000,14500
6/20/2021 7:00,3056,5582,69,2457,2021-Jun-Week-3,13400,34500,35350,33250,13400,138350,36650,24950,16000,14500
6/21/2021 7:00,2105,5014,74,2835,2021-Jun-Week-3,13400,34500,35350,33250,13400,138350,36650,24950,16000,14500
6/22/2021 7:00,-320,3220,59,3481,2021-Jun-Week-4,13350,34500,35850,33300,13350,138350,34850,24200,15850,14500
6/23/2021 7:00,3456,4693,47,1190,2021-Jun-Week-4,13350,34500,35850,33300,13350,138350,34850,24200,15850,14500
6/24/2021 7:00,5018,7505,49,2438,2021-Jun-Week-4,13350,34500,35850,33300,13350,138350,34850,24200,15850,14500
6/25/2021 7:00,4294,6934,69,2571,2021-Jun-Week-4,13350,34500,35850,33300,13350,138350,34850,24200,15850,14500
6/26/2021 7:00,6496,9271,51,2724,2021-Jun-Week-4,13350,34500,35850,33300,13350,138350,34850,24200,15850,14500
6/27/2021 7:00,5837,9393,51,3505,2021-Jun-Week-4,13350,34500,35850,33300,13350,138350,34850,24200,15850,14500
6/28/2021 7:00,4854,8348,80,3414,2021-Jun-Week-4,13350,34500,35850,33300,13350,138350,34850,24200,15850,14500
6/29/2021 7:00,3794,7379,80,3505,2021-Jun-Week-4,13350,34500,35850,33300,13350,138350,34850,24200,15850,14500
6/30/2021 7:00,4087,7680,71,3522,2021-Jun-Week-4,13350,34500,35850,33300,13350,138350,34850,24200,15850,14500
7/1/2021 7:00,3968,7541,46,3527,2021-Jul-Week-1,13350,34500,36850,32250,13350,138350,34600,23600,15850,14500
7/2/2021 7:00,4316,9399,70,5013,2021-Jul-Week-1,13350,34500,36850,32250,13350,138350,34600,23600,15850,14500
7/3/2021 7:00,4004,9701,16,5681,2021-Jul-Week-1,13350,34500,36850,32250,13350,138350,34600,23600,15850,14500
7/4/2021 7:00,4603,10485,66,5816,2021-Jul-Week-1,13350,34500,36850,32250,13350,138350,34600,23600,15850,14500
7/5/2021 7:00,4186,10902,120,6596,2021-Jul-Week-1,13350,34500,36850,32250,13350,138350,34600,23600,15850,14500
7/6/2021 7:00,3202,9439,137,6100,2021-Jul-Week-1,13350,34500,36850,32250,13350,138350,34600,23600,15850,14500
7/7/2021 7:00,5568,9365,142,3655,2021-Jul-Week-1,13350,34500,36850,32250,13350,138350,34600,23600,15850,14500
7/8/2021 7:00,1984,12974,136,10854,2021-Jul-Week-2,13300,34500,37000,32000,13300,138350,33450,23100,15800,14500
7/9/2021 7:00,-2056,13111,138,15029,2021-Jul-Week-2,13300,34500,37000,32000,13300,138350,33450,23100,15800,14500
7/10/2021 7:00,-4006,12920,87,16839,2021-Jul-Week-2,13300,34500,37000,32000,13300,138350,33450,23100,15800,14500
7/11/2021 7:00,-7515,13133,46,20602,2021-Jul-Week-2,13300,34500,37000,32000,13300,138350,33450,23100,15800,14500
7/12/2021 7:00,-5989,14622,134,20477,2021-Jul-Week-2,13300,34500,37000,32000,13300,138350,33450,23100,15800,14500
7/13/2021 7:00,7544,12183,68,4571,2021-Jul-Week-2,13300,34500,37000,32000,13300,138350,33450,23100,15800,14500
7/14/2021 7:00,9540,12669,63,3066,2021-Jul-Week-2,13300,34500,37000,32000,13300,138350,33450,23100,15800,14500
7/15/2021 7:00,9516,12691,141,3034,2021-Jul-Week-3,13250,35350,39350,37600,13250,138350,33700,24000,15850,14500
7/16/2021 7:00,3835,12416,132,8449,2021-Jul-Week-3,13250,35350,39350,37600,13250,138350,33700,24000,15850,14500
7/17/2021 7:00,-1511,10168,67,11612,2021-Jul-Week-3,13250,35350,39350,37600,13250,138350,33700,24000,15850,14500
7/18/2021 7:00,-2885,9129,158,11856,2021-Jul-Week-3,13250,35350,39350,37600,13250,138350,33700,24000,15850,14500
7/19/2021 7:00,-7923,5000,250,12673,2021-Jul-Week-3,13250,35350,39350,37600,13250,138350,33700,24000,15850,14500
7/20/2021 7:00,-6126,6213,268,12071,2021-Jul-Week-3,13250,35350,39350,37600,13250,138350,33700,24000,15850,14500
7/21/2021 7:00,-4737,5904,95,10546,2021-Jul-Week-3,13250,35350,39350,37600,13250,138350,33700,24000,15850,14500
7/22/2021 7:00,-3766,7060,195,10631,2021-Jul-Week-4,13250,34200,38350,34100,13250,138350,31700,25000,15950,14650
7/23/2021 7:00,-6634,8033,157,14510,2021-Jul-Week-4,13250,34200,38350,34100,13250,138350,31700,25000,15950,14650
7/24/2021 7:00,-6320,8359,151,14528,2021-Jul-Week-4,13250,34200,38350,34100,13250,138350,31700,25000,15950,14650
7/25/2021 7:00,-8990,5394,157,14227,2021-Jul-Week-4,13250,34200,38350,34100,13250,138350,31700,25000,15950,14650
7/26/2021 7:00,-12150,2662,160,14652,2021-Jul-Week-4,13250,34200,38350,34100,13250,138350,31700,25000,15950,14650
7/27/2021 7:00,-11467,3567,184,14850,2021-Jul-Week-4,13250,34200,38350,34100,13250,138350,31700,25000,15950,14650
7/28/2021 7:00,-5483,5525,69,10939,2021-Jul-Week-4,13250,34200,38350,34100,13250,138350,31700,25000,15950,14650
7/29/2021 7:00,-7605,3845,27,11423,2021-Jul-Week-4,13250,34200,38350,34100,13250,138350,31700,25000,15950,14650
7/30/2021 7:00,-7736,3454,43,11147,2021-Jul-Week-4,13250,34200,38350,34100,13250,138350,31700,25000,15950,14650
7/31/2021 7:00,-1885,3328,251,4962,2021-Jul-Week-4,13250,34200,38350,34100,13250,138350,31700,25000,15950,14650
8/1/2021 7:00,-1965,2701,71,4595,2021-Aug-Week-1,13250,34000,36350,31250,13250,138350,34000,25150,16450,14650
8/2/2021 7:00,-905,1410,154,2161,2021-Aug-Week-1,13250,34000,36350,31250,13250,138350,34000,25150,16450,14650
8/3/2021 7:00,-975,1601,70,2506,2021-Aug-Week-1,13250,34000,36350,31250,13250,138350,34000,25150,16450,14650
8/4/2021 7:00,448,2981,63,2470,2021-Aug-Week-1,13250,34000,36350,31250,13250,138350,34000,25150,16450,14650
8/5/2021 7:00,-573,2312,126,2759,2021-Aug-Week-1,13250,34000,36350,31250,13250,138350,34000,25150,16450,14650
8/6/2021 7:00,-1074,2185,53,3206,2021-Aug-Week-1,13250,34000,36350,31250,13250,138350,34000,25150,16450,14650
8/7/2021 7:00,-2617,2008,68,4557,2021-Aug-Week-1,13250,34000,36350,31250,13250,138350,34000,25150,16450,14650
8/8/2021 7:00,430,1649,20,1199,2021-Aug-Week-2,13250,34000,36350,31650,13250,138350,34900,24250,16550,14650
8/9/2021 7:00,-296,727,14,1009,2021-Aug-Week-2,13250,34000,36350,31650,13250,138350,34900,24250,16550,14650
8/10/2021 7:00,212,1426,40,1174,2021-Aug-Week-2,13250,34000,36350,31650,13250,138350,34900,24250,16550,14650
8/11/2021 7:00,581,1957,42,1334,2021-Aug-Week-2,13250,34000,36350,31650,13250,138350,34900,24250,16550,14650
8/12/2021 7:00,-1433,1080,42,2471,2021-Aug-Week-2,13250,34000,36350,31650,13250,138350,34900,24250,16550,14650
8/13/2021 7:00,-427,1210,68,1569,2021-Aug-Week-2,13250,34000,36350,31650,13250,138350,34900,24250,16550,14650
8/14/2021 7:00,120,1363,29,1214,2021-Aug-Week-2,13250,34000,36350,31650,13250,138350,34900,24250,16550,14650
8/15/2021 7:00,99,1182,17,1066,2021-Aug-Week-3,13250,34200,36550,32400,13250,138350,35450,23500,16600,14650
8/16/2021 7:00,-459,513,28,944,2021-Aug-Week-3,13250,34200,36550,32400,13250,138350,35450,23500,16600,14650
8/17/2021 7:00,-288,654,24,918,2021-Aug-Week-3,13250,34200,36550,32400,13250,138350,35450,23500,16600,14650
8/18/2021 7:00,124,1029,13,892,2021-Aug-Week-3,13250,34200,36550,32400,13250,138350,35450,23500,16600,14650
8/19/2021 7:00,-252,731,34,949,2021-Aug-Week-3,13250,34200,36550,32400,13250,138350,35450,23500,16600,14650
8/20/2021 7:00,13,968,11,944,2021-Aug-Week-3,13250,34200,36550,32400,13250,138350,35450,23500,16600,14650
8/21/2021 7:00,-34,891,13,912,2021-Aug-Week-3,13250,34200,36550,32400,13250,138350,35450,23500,16600,14650
8/22/2021 7:00,-225,702,28,899,2021-Aug-Week-4,13250,34000,34150,29550,13250,138350,35750,22550,16650,14600
8/23/2021 7:00,-175,485,20,640,2021-Aug-Week-4,13250,34000,34150,29550,13250,138350,35750,22550,16650,14600
8/24/2021 7:00,-52,484,10,526,2021-Aug-Week-4,13250,34000,34150,29550,13250,138350,35750,22550,16650,14600
8/25/2021 7:00,57,789,9,723,2021-Aug-Week-4,13250,34000,34150,29550,13250,138350,35750,22550,16650,14600
8/26/2021 7:00,-465,574,10,1029,2021-Aug-Week-4,13250,34000,34150,29550,13250,138350,35750,22550,16650,14600
8/27/2021 7:00,273,635,9,353,2021-Aug-Week-4,13250,34000,34150,29550,13250,138350,35750,22550,16650,14600
8/28/2021 7:00,4,468,10,454,2021-Aug-Week-4,13250,34000,34150,29550,13250,138350,35750,22550,16650,14600
8/29/2021 7:00,-235,474,6,703,2021-Aug-Week-5,13250,34000,32850,28350,13250,138350,35700,21750,16650,14600
8/30/2021 7:00,-544,341,5,880,2021-Aug-Week-5,13250,34000,32850,28350,13250,138350,35700,21750,16650,14600
8/31/2021 7:00,-158,399,29,528,2021-Aug-Week-5,13250,34000,32850,28350,13250,138350,35700,21750,16650,14600
9/1/2021 7:00,-429,673,12,1090,2021-Sep-Week-1,13250,33650,32350,28650,13250,138350,36500,20550,16700,14600
9/2/2021 7:00,-412,430,10,832,2021-Sep-Week-1,13250,33650,32350,28650,13250,138350,36500,20550,16700,14600
9/3/2021 7:00,-502,343,11,834,2021-Sep-Week-1,13250,33650,32350,28650,13250,138350,36500,20550,16700,14600
9/4/2021 7:00,-133,360,10,483,2021-Sep-Week-1,13250,33650,32350,28650,13250,138350,36500,20550,16700,14600
9/5/2021 7:00,-24,303,10,317,2021-Sep-Week-1,13250,33650,32350,28650,13250,138350,36500,20550,16700,14600
9/6/2021 7:00,-531,217,16,732,2021-Sep-Week-1,13250,33650,32350,28650,13250,138350,36500,20550,16700,14600
9/7/2021 7:00,-279,262,13,528,2021-Sep-Week-1,13250,33650,32350,28650,13250,138350,36500,20550,16700,14600
9/8/2021 7:00,-249,428,14,663,2021-Sep-Week-2,13250,33650,30850,28750,13250,138350,35500,19850,17000,14600
9/9/2021 7:00,-190,308,13,485,2021-Sep-Week-2,13250,33650,30850,28750,13250,138350,35500,19850,17000,14600
9/10/2021 7:00,-206,261,12,455,2021-Sep-Week-2,13250,33650,30850,28750,13250,138350,35500,19850,17000,14600
9/11/2021 7:00,-154,268,20,402,2021-Sep-Week-2,13250,33650,30850,28750,13250,138350,35500,19850,17000,14600
9/12/2021 7:00,-18,306,6,318,2021-Sep-Week-2,13250,33650,30850,28750,13250,138350,35500,19850,17000,14600
9/13/2021 7:00,-272,187,6,453,2021-Sep-Week-2,13250,33650,30850,28750,13250,138350,35500,19850,17000,14600
9/14/2021 7:00,-313,190,3,500,2021-Sep-Week-2,13250,33650,30850,28750,13250,138350,35500,19850,17000,14600
